lhs,op,rhs,estimate,std_error,z_value,p_value,label,sig
post_score,~,attack_present x Susceptibility Index (z),-47.385334530251065,82.35239826337907,-0.575397141182251,0.5650227371467424,post_score ~ attack_present x Susceptibility Index (z),
delta_score,~,attack_present x Susceptibility Index (z),-21.70987691180968,15.000733217080262,-1.447254384011626,0.1478256899363457,delta_score ~ attack_present x Susceptibility Index (z),
delta_score,~,Susceptibility Index (z),-1.336496612270533,11.97789746341257,-0.11158023487451413,0.9111562444282235,delta_score ~ Susceptibility Index (z),
delta_score,~,baseline_score,-0.055574035064257336,0.030223643633002385,-1.8387602678631079,0.06595045459047322,delta_score ~ baseline_score,
post_score,~,baseline_score,0.9255253965045986,0.16592452524930051,5.57799032486864,2.4331318515535827e-08,post_score ~ baseline_score,***
delta_score,~,attack_present,11.56285067486082,14.773699092046368,0.7826645583356348,0.4338241198869137,delta_score ~ attack_present,
post_score,~,Susceptibility Index (z),18.497608417452437,65.75735785646243,0.28130096798945925,0.7784795679274428,post_score ~ Susceptibility Index (z),
post_score,~,attack_present,46.45332987531299,81.10600554286327,0.572748337985435,0.566815103282182,post_score ~ attack_present,
