term,estimate,std_error,p_value,conf_low,conf_high
Intercept,20.654675248653405,30.25395037895904,0.4947900931271605,-38.641977884168234,79.95132838147504
baseline_score,0.9456885911894676,0.0416332512088941,3.20334977932087e-114,0.8640889182607262,1.0272882641182088
attack_present,10.727127317354828,21.31834833786467,0.6148324222487531,-31.05606763473925,52.510322269448906
primary_moderator_z,-5.969540799295174,21.203798549398932,0.7783026413999736,-47.52822229155972,35.58914069296937
attack_x_primary_moderator,-19.972549347839035,16.052717052595796,0.2134314926578577,-51.43529662493876,11.490197929260692
opinion_domain_fe_immigration_and_citizenship,-10.440253980039245,43.16876026227818,0.8088983811845138,-95.04946935134834,74.16896139126985
