term,bootstrap_mean,bootstrap_std,conf_low,conf_high,n_bootstrap_success
Intercept,14.304957533828237,12.547001479121718,-1.582185231880639,44.890695259225126,500
attack_present,13.170907950804267,21.238756783317513,-26.78410140766722,51.08768656935004,500
baseline_score,-0.06380806184489066,0.0364203765715066,-0.14245791382628756,-0.004290213506496068,500
primary_moderator_z,-3.1561148939257397,12.061390469707316,-34.9100482598311,11.583150837656667,500
attack_x_primary_moderator,-21.068579953442782,20.437544989779003,-55.99086351573323,21.816464164932153,500
