term,bootstrap_mean,bootstrap_std,conf_low,conf_high,n_bootstrap_success
Intercept,21.11792736711944,31.50297730254538,-40.85519269853925,79.05486105643473,500
baseline_score,0.9375532848349875,0.04302965568127406,0.8436035965249578,1.0100519645898327,500
attack_present,11.465422482719884,22.313949889792422,-31.164236843411985,53.22780786509874,500
primary_moderator_z,-6.472809116178486,21.854791323706912,-48.65860728883656,37.28210476375254,500
attack_x_primary_moderator,-21.45559100051345,23.769393482628487,-62.402751603214575,28.800646195270346,500
opinion_domain_fe_immigration_and_citizenship,-8.87688710054643,42.13467056938496,-91.61249129512912,74.81156793731296,500
