Moderator,Role,Controlled mean b,Controlled p,Ridge mean b,Weight %,SEM mean b,SEM mean |b|,SEM min p,SEM paths
Big Five Conscientiousness Mean %,core,-2.5113643382123296,0.0093091122331189,,,-2.4703398611377763,3.179098730015263,0.005777225433408972,4.0
Big Five Neuroticism Mean %,core,-0.0255413751205698,0.9793938737541648,,,0.47342556987793405,0.6817730152912707,0.37365119687789194,4.0
Sex Other,core,0.6222973622854284,0.7770913605755212,1.0812540317023989,5.220902265905567,1.2463940046204212,4.941576402433443,0.07482759798113614,4.0
Sex Female,core,0.4125830936994661,0.8330502170515881,-0.6961393233472681,2.8090367272419163,1.399504466693477,4.707628471628847,0.09495801784418645,4.0
Big Five Openness To Experience Mean %,core,1.3947934574600036,0.0960736601419129,,,0.8994258871694675,1.4776966347678335,0.17947083762510707,4.0
Big Five Extraversion Mean %,exploratory,-0.986423387721907,0.3398000429627539,,,,,,
Big Five Agreeableness Mean %,exploratory,-0.2768836395906309,0.7351512558548263,,,,,,
