{
  "DoF": 36.0,
  "DoF Baseline": 74.0,
  "chi2": 1.1945864735743328,
  "chi2 p-value": 1.0,
  "chi2 Baseline": 210.67517922316145,
  "CFI": 1.0,
  "GFI": 0.9943297237103145,
  "AGFI": 0.9883444320712019,
  "NFI": 0.9943297237103145,
  "TLI": 1.0,
  "RMSEA": 0.0,
  "AIC": 83.97610827052851,
  "BIC": 193.39325608202836,
  "LogLik": 0.011945864735743328
}