Moderator,Role,Controlled mean b,Controlled p,Ridge mean b,Weight %,SEM mean b,SEM mean |b|,SEM min p,SEM paths
Sex Other,core,-2.9183215562810685,0.2630802489747401,-1.4651324506655654,10.609838996541496,-3.449753428774705,5.9417842887630465,0.18985742407391903,4.0
Sex Female,core,3.246304423079593,0.1876825880903879,1.5214673584755,17.953713192882716,1.0522400146720965,7.857145056873623,0.018001779764315717,4.0
Age Years,core,2.591747762998967,0.0734757274954385,1.453810505544443,20.560626997572548,3.035790970291274,3.035790970291274,0.1319954558330596,4.0
Big Five Conscientiousness Mean %,core,0.3959912954922686,0.7549408315896201,0.053310254278283,9.53629377613201,0.5899375501572918,2.0864715662125715,0.10843895417242821,4.0
Big Five Neuroticism Mean %,core,1.0391452402765586,0.3817438076152835,0.9311851805219996,14.923861643284932,0.8245971185306343,2.635327110031498,0.03081967605612368,4.0
Big Five Openness To Experience Mean %,core,-0.9162144940798288,0.4175867944048241,0.0417962541860282,4.003520295584823,-0.4584327553695675,1.1740730166185978,0.16828109801596325,4.0
Big Five Agreeableness Mean %,exploratory,1.3691410135845503,0.2106616639933271,0.2999825922746937,4.058894962700115,,,,
Big Five Extraversion Mean %,exploratory,-1.1505935899457542,0.4249884149602443,0.3566001134269321,8.642286878260524,,,,
Resilience Index,exploratory,-0.4192301284836758,0.7566984248046785,-0.3303334755663191,9.710963257040826,,,,
