{
  "full_model_cv_r2": -0.03374693355659628,
  "group_marginal_r2": {
    "marginal_demographics": 0.01246743596163736,
    "marginal_personality": -0.01711556672807973,
    "marginal_personality_agreeableness": -0.010527827905715034,
    "marginal_personality_conscientiousness": 0.0003324097511568673,
    "marginal_personality_extraversion": -0.005556467241783878,
    "marginal_personality_neuroticism": -0.0005126219316336412,
    "marginal_personality_openness_to_experience": -0.005202554766243117
  },
  "group_relative_importance_pct": {
    "marginal_demographics": 24.10802254265568,
    "marginal_personality": 33.096016677408585,
    "marginal_personality_agreeableness": 20.357442641545767,
    "marginal_personality_conscientiousness": 0.6427738469198337,
    "marginal_personality_extraversion": 10.74442555266681,
    "marginal_personality_neuroticism": 0.9912464055729141,
    "marginal_personality_openness_to_experience": 10.060072333230405
  },
  "task_group_r2": {
    "ATTACK_VECTORS > Social_Media_Misinformation > Misleading_Narrative_Framing || Issue_Position_Taxonomy > Defense_and_National_Security > Alliance_Commitment_Support": {
      "full_model": 0.02153976212345987,
      "marginal_demographics": 0.07815502531377216,
      "marginal_personality": -0.052670889157129475,
      "marginal_personality_agreeableness": -0.05067964587707896,
      "marginal_personality_conscientiousness": -0.0007984682955564093,
      "marginal_personality_extraversion": -0.002050541456132593,
      "marginal_personality_neuroticism": -0.015858249040297756,
      "marginal_personality_openness_to_experience": -0.008978097361707515
    },
    "ATTACK_VECTORS > Social_Media_Misinformation > Misleading_Narrative_Framing || Issue_Position_Taxonomy > Defense_and_National_Security > Civil_Defense_Preparedness_Support": {
      "full_model": -0.03328719098640942,
      "marginal_demographics": 0.0020265028030912458,
      "marginal_personality": -0.009068600942304217,
      "marginal_personality_agreeableness": -0.0007807515837183754,
      "marginal_personality_conscientiousness": -0.005575553218998275,
      "marginal_personality_extraversion": 0.0033454319274013322,
      "marginal_personality_neuroticism": 0.0033120344582275862,
      "marginal_personality_openness_to_experience": -0.008816164797450732
    },
    "ATTACK_VECTORS > Social_Media_Misinformation > Misleading_Narrative_Framing || Issue_Position_Taxonomy > Defense_and_National_Security > Domestic_Security_Powers_Expansion_Support": {
      "full_model": -0.048791591686567104,
      "marginal_demographics": 0.001183261205577546,
      "marginal_personality": -0.006515339438040613,
      "marginal_personality_agreeableness": -0.004470226667020238,
      "marginal_personality_conscientiousness": 0.003987547433975003,
      "marginal_personality_extraversion": -0.00718157521529128,
      "marginal_personality_neuroticism": 0.0034978061533856852,
      "marginal_personality_openness_to_experience": -0.003690221732939536
    },
    "ATTACK_VECTORS > Social_Media_Misinformation > Misleading_Narrative_Framing || Issue_Position_Taxonomy > Defense_and_National_Security > Strategic_Autonomy_Support": {
      "full_model": -0.02788753552767953,
      "marginal_demographics": 0.004256710438786282,
      "marginal_personality": -0.029818330934627157,
      "marginal_personality_agreeableness": -0.0049282758829729545,
      "marginal_personality_conscientiousness": -0.007274263999793806,
      "marginal_personality_extraversion": -0.00897864893942324,
      "marginal_personality_neuroticism": -0.004289368155115492,
      "marginal_personality_openness_to_experience": -0.004809283340796
    }
  },
  "notes": [
    "marginal_r2 = full model CV-R2 minus CV-R2 of model with that group removed (leave-one-group-out).",
    "Positive marginal_r2 means removing the group reduces predictive accuracy.",
    "relative_importance_pct = |marginal_r2| / sum(|marginal_r2|) * 100."
  ]
}