term,estimate,std_error,p_value,conf_low,conf_high
Intercept,8.643527142306663,5.428680486631131,0.11134051506909722,-1.9964910950657284,19.283545379679055
attack_present,10.769824077789238,6.7642453368702355,0.11134665881853809,-2.4878531650694296,24.027501320647907
baseline_score,0.005370762307535304,0.06620330074426455,0.93534230942706,-0.12438532280889697,0.13512684742396758
moderator_z,-8.605967450299936,5.352517942235965,0.10787124852482913,-19.096709843686867,1.8847749430869971
attack_x_moderator,-5.643690065668302,6.7340351079441705,0.40198327926107336,-18.84215634786717,7.554776216530566
