{
  "DoF": 11.0,
  "DoF Baseline": 19.0,
  "chi2": 7.902737170271885,
  "chi2 p-value": 0.7219891222172499,
  "chi2 Baseline": 56.228986025941595,
  "CFI": 1.0831949284777702,
  "GFI": 0.8594543894740355,
  "AGFI": 0.7572394000006069,
  "NFI": 0.8594543894740355,
  "TLI": 1.1437003310070577,
  "RMSEA": 0.0,
  "AIC": 14.731508553152077,
  "BIC": 5.717631439833175,
  "LogLik": 2.6342457234239616
}