term,bootstrap_mean,bootstrap_std,conf_low,conf_high,n_bootstrap_success
Intercept,-3.5956101837921697,3.261296692996368,-9.688598614289797,1.8507316549579216,200
profile_cont_big_five_neuroticism_mean_pct_z,1.8594329468707265,1.22170188123772,0.08766340393569988,4.628105389473286,200
profile_cont_big_five_openness_to_experience_mean_pct_z,-2.083581279336097,2.084180504377977,-4.694402449526116,0.7702956818298468,200
profile_cont_big_five_conscientiousness_mean_pct_z,1.211296562096664,1.747998265485616,-2.0232259900337963,4.350570303984162,200
profile_cont_big_five_extraversion_mean_pct_z,0.6279680723323866,1.4599161833765752,-1.9999537377311323,3.7051463152210653,200
profile_cont_big_five_agreeableness_mean_pct_z,0.7335223988007159,1.99981633410676,-1.7931047481740545,4.743122056744317,200
profile_cat__profile_cat_sex_Female,3.2474533989843066,5.122103575852174,-3.745051855265386,12.761304905299864,200
profile_cat__profile_cat_sex_Other,5.470488076781931,4.281742885654081,-2.466901440192344,14.503400005052624,200
mean_baseline_abs_score_z,-1.170686837738164,1.646279212077979,-5.3135677627493205,1.5443227204209924,200
