term,estimate,std_error,p_value,conf_low,conf_high
Intercept,-3.3701331580076204,3.6016354223306037,0.3494158174360288,-10.429208871219311,3.68894255520407
profile_cont_big_five_neuroticism_mean_pct_z,1.6041879647043824,1.2240519468608928,0.19000799476105346,-0.7949097663491036,4.003285695757868
profile_cont_big_five_openness_to_experience_mean_pct_z,-2.1419257285882876,1.3841760556275629,0.12175782046785195,-4.854860945881021,0.5710094887044459
profile_cont_big_five_conscientiousness_mean_pct_z,1.2637256658025604,1.5914640208056419,0.42715766940397437,-1.855486497667801,4.3829378292729215
profile_cont_big_five_extraversion_mean_pct_z,0.6496832244444349,1.5402237981884992,0.6731630310553947,-2.369099948136512,3.668466397025382
profile_cont_big_five_agreeableness_mean_pct_z,0.5426712602260263,1.5096087663508069,0.7192374733856453,-2.4161075525674964,3.5014500730195492
profile_cat__profile_cat_sex_Female,3.042776585223643,4.447025165352258,0.4938315659308551,-5.6732325772100625,11.758785747657349
profile_cat__profile_cat_sex_Other,5.036837911817317,4.2769965316367555,0.2389330955805643,-3.345921252193449,13.419597075828083
mean_baseline_abs_score_z,-0.8926233358128253,1.3664898010401243,0.513612162060686,-3.570894131092773,1.7856474594671223
