{
  "DoF": 21.0,
  "DoF Baseline": 126.0,
  "chi2": 0.09535360968673245,
  "chi2 p-value": 1.0,
  "chi2 Baseline": 195.34789146579539,
  "CFI": 1.0,
  "GFI": 0.9995118779682174,
  "AGFI": 0.9970712678093043,
  "NFI": 0.9995118779682174,
  "TLI": 1.0,
  "RMSEA": 0.0,
  "AIC": 229.99237171122508,
  "BIC": 370.16309157106815,
  "LogLik": 0.003814144387469298
}