term,bootstrap_mean,bootstrap_std,conf_low,conf_high,n_bootstrap_success
Intercept,-20.534198436150664,38.75137991382628,-55.41963564613598,-1.4182168576086647,800
baseline_score,-0.1409720596032047,0.08934633876710843,-0.3527358654815901,-0.0320365722851792,800
baseline_abs_score,0.11748420486371625,0.09532807225409422,0.019152157157085938,0.30921000767124424,800
primary_moderator_z,-15.986357887518533,8.525995800499857,-29.77549013268386,-1.0325961235043841,800
exposure_quality_z,-6.451132452281513,12.03444971674364,-24.97377659299004,17.128673826702837,800
opinion_leaf_fe_issue_position_taxonomy___defense_and_national_security___conscription_support,-35.73101887539923,78.33026245586343,-210.3095090457035,35.13972039533486,800
opinion_leaf_fe_issue_position_taxonomy___defense_and_national_security___defense_spending_increase_support,65.9786849902005,25.211925955411154,44.604351410580456,98.43867975988819,800
opinion_leaf_fe_issue_position_taxonomy___defense_and_national_security___strategic_autonomy_support,79.0385189094952,29.94308698841829,38.20563455826237,113.07593342062938,800
