{
  "DoF": 23.0,
  "DoF Baseline": 34.0,
  "chi2": 15.956845313268992,
  "chi2 p-value": 0.8571098847543357,
  "chi2 Baseline": 113.94916916134977,
  "CFI": 1.0880954081275922,
  "GFI": 0.8599652333517727,
  "AGFI": 0.7929920840852291,
  "NFI": 0.8599652333517728,
  "TLI": 1.130227994623397,
  "RMSEA": 0.0,
  "AIC": 24.4043154686731,
  "BIC": 37.34883502487499,
  "LogLik": 0.7978422656634496
}