Moderator,Role,Multivariate b,Multivariate p,Univariate b,Univariate p,Ontology group,Normalized weight %
Big Five Conscientiousness Mean %,core,-3.2582785377256656,0.0043032530387276,-2.5113643382123296,0.0093091122331189,Personality: Conscientiousness,1.442862534748398
Big Five Neuroticism Mean %,core,1.27297411149511,0.2610932887407093,-0.0255413751205698,0.9793938737541648,Personality: Neuroticism,0.9228150543705416
Sex Other,core,2.3946937827041936,0.3572651348171818,0.6222973622854284,0.7770913605755212,Demographics: Sex,5.220902265905567
Sex Female,core,2.0171613549170453,0.3676844846518109,0.4125830936994661,0.8330502170515881,Demographics: Sex,2.8090367272419163
Big Five Openness To Experience Mean %,core,0.5674141667167316,0.4993254808898006,1.3947934574600036,0.0960736601419129,Personality: Openness,0.7269538209856218
Big Five Extraversion Mean %,exploratory,-2.3526120780575632,0.1301840730674082,-0.986423387721907,0.3398000429627539,Personality: Extraversion,1.115225243210408
Big Five Agreeableness Mean %,exploratory,-0.4216318612214538,0.6020517749130441,-0.2768836395906309,0.7351512558548263,Personality: Agreeableness,0.7479805222137487
