term,estimate,std_error,p_value,conf_low_x,conf_high_x,bootstrap_mean,bootstrap_std,conf_low_y,conf_high_y,n_bootstrap_success
Intercept,-16.467170073919164,23.3851582639587,0.4813257615621411,-62.30123804404743,29.366897896209103,-6.217847700096703,6.749072406768837,-16.467170073937535,0.056281966276097,100
baseline_score,1.0047341750957386,0.0555588464801896,4.2491532835208533e-73,0.8958408369719769,1.1136275132195004,0.9904071541224578,0.028525959832832,0.9032735221164052,1.0254141017764675,100
attack_present,18.298532540265363,52.515197600732144,0.7275078065704287,-84.6293633981739,121.22642847870463,2.4434808681157647,10.208552966208076,-7.5375496604542676,18.298532540265295,100
primary_moderator_z,1.9624503756408331,35.81465307694686,0.956302085029144,-68.23297977397165,72.1578805252533,6.720687042493109,8.776475524052783,-0.9970190727243724,22.200054830050405,100
attack_x_primary_moderator,48.178838834157936,68.19159518781349,0.4798637894598336,-85.47423178229135,181.83190945060724,18.23477407584182,19.74176280009914,-0.1678583318487346,48.17883883415778,100
