Moderator,Role,Multivariate b,Multivariate p,Univariate b,Univariate p,Ontology group,Normalized weight %
Big Five Conscientiousness Mean %,core,-1.0618257996113571,0.1586573821780803,-1.033692023610345,0.1232996581091821,Personality: Conscientiousness,0.9924937647292996
Big Five Neuroticism Mean %,core,-0.8623687408624587,0.2201426361098575,-0.9343931174833592,0.1337333231020077,Personality: Neuroticism,0.7835120238067848
Sex Other,core,-0.5774528747259967,0.724963110677936,-0.4288352130464652,0.7802718898206229,Demographics: Sex,0.7794520367338583
Big Five Openness To Experience Mean %,core,0.1325145963273771,0.8624553014835207,0.077042373934305,0.9155927859280848,Personality: Openness,1.0735877508404763
Sex Female,core,-0.2312487446304498,0.8796021074984004,0.4853415014714811,0.7413836135911823,Demographics: Sex,0.533794115095401
Big Five Extraversion Mean %,exploratory,1.6119270077530716,0.0228378538297339,1.7574655503754952,0.0119833992545662,Personality: Extraversion,1.0323522754709724
Big Five Agreeableness Mean %,exploratory,-0.0095369724905282,0.9887973576012776,-0.0780788483057721,0.9100535433011356,Personality: Agreeableness,1.125499881165058
