Moderator,Role,Controlled mean b,Controlled p,Ridge mean b,Weight %,SEM mean b,SEM mean |b|,SEM min p,SEM paths
Big Five Openness To Experience Mean %,core,-1.8335654157486871,0.0275546676331901,,,-1.8940076633685305,2.5742466627343226,0.07367645605927708,10.0
Big Five Neuroticism Mean %,core,1.0757768766135378,0.1620933899473454,,,1.4815382708775282,3.0315867654234685,0.027452858506000766,10.0
Sex Other,core,1.7478071479868706,0.4251848047504133,0.0333823931514796,1.0227980898956153,4.728715945125071,7.383146258232365,0.004182922808124712,10.0
Big Five Conscientiousness Mean %,core,0.4940491940866193,0.689025124221802,,,0.9615902985795559,4.505029538168211,0.018188304289970203,10.0
Sex Female,core,0.4544282940698167,0.8436238727354579,-0.1079243141718988,0.9605127569697588,2.8521727810873116,9.40899964005715,0.03203472634530247,10.0
Big Five Extraversion Mean %,exploratory,-0.2478479769916228,0.8291586347527098,,,,,,
Big Five Agreeableness Mean %,exploratory,-0.3069941384451195,0.7859208164701589,,,,,,
