Moderator,Role,Controlled mean b,Controlled p,Ridge mean b,Weight %,SEM mean b,SEM mean |b|,SEM min p,SEM paths
Big Five Conscientiousness Mean %,core,-1.033692023610345,0.1232996581091821,,,-1.1852497291946507,2.0103337044646272,0.06054816820933917,8.0
Big Five Neuroticism Mean %,core,-0.9343931174833592,0.1337333231020077,,,-1.0387709171549324,1.5600252453570427,0.09516623912028033,8.0
Sex Other,core,-0.4288352130464652,0.7802718898206229,0.0021407932768123,0.7794520367338583,-0.7757843423392109,1.951500419286866,0.2368416319920783,8.0
Big Five Openness To Experience Mean %,core,0.077042373934305,0.9155927859280848,,,-0.015655050240437285,1.3913941175184306,0.11392047601201982,8.0
Sex Female,core,0.4853415014714811,0.7413836135911823,-0.0003657881008656,0.533794115095401,-0.259356741052286,2.511937248320402,0.16188001515028239,8.0
Big Five Extraversion Mean %,exploratory,1.7574655503754952,0.0119833992545662,,,,,,
Big Five Agreeableness Mean %,exploratory,-0.0780788483057721,0.9100535433011356,,,,,,
