opinion_leaf_label,n_rows,mean_baseline,mean_post,mean_signed_delta,mean_abs_delta,sd_abs_delta,mean_adv_eff,sd_adv_eff
Counter_Disinformation_Agency_Support,480,347.09166666666664,348.9291666666667,1.8375,36.17916666666667,19.947148483903376,-1.8375,41.27280493355563
Defense_Industrial_Reshoring_Support,480,340.8354166666667,340.62083333333334,-0.21458333333333332,35.50625,20.04796234710233,0.21458333333333332,40.77460652570899
Diplomacy_First_Preference,480,309.9625,309.04791666666665,-0.9145833333333333,35.047916666666666,20.248863029638358,-0.9145833333333333,40.466485565132245
Overseas_Development_Aid_Support,480,201.90625,203.12916666666666,1.2229166666666667,34.77708333333333,20.631243899154242,-1.2229166666666667,40.41779589273008
Birthright_Citizenship_Support,480,169.07083333333333,171.53541666666666,2.464583333333333,34.28125,20.577244270573097,-2.464583333333333,39.906802832679894
Integration_Funding_Support,480,221.49375,220.19375,-1.3,34.266666666666666,20.36653027777574,1.3,39.84105922286705
Alliance_Commitment_Support,480,283.1666666666667,285.95625,2.7895833333333333,34.06875,19.55349133626779,-2.7895833333333333,39.182100183966504
Trust_In_Mainstream_Journalism,480,217.68958333333333,216.72083333333333,-0.96875,33.87291666666667,20.00860481125696,0.96875,39.32912754482992
