term,estimate,std_error,p_value,conf_low_x,conf_high_x,bootstrap_mean,bootstrap_std,conf_low_y,conf_high_y,n_bootstrap_success
Intercept,13.233226310066891,12.650200462750618,0.2955202806572298,-11.560710994136244,38.02716361427003,14.304957533828237,12.547001479121718,-1.582185231880639,44.890695259225126,500
attack_present,11.557897805416578,18.618653928658027,0.5347511058352438,-24.933993335368335,48.049788946201495,13.170907950804269,21.238756783317513,-26.78410140766722,51.08768656935004,500
baseline_score,-0.0555707021050415,0.0377002640516476,0.1404779282464525,-0.1294618618539209,0.0183204576438378,-0.0638080618448906,0.0364203765715066,-0.1424579138262875,-0.004290213506496,500
primary_moderator_z,-1.3376679797383837,7.024458921855018,0.848972161359213,-15.105354477455275,12.430018517978509,-3.1561148939257397,12.061390469707316,-34.9100482598311,11.583150837656667,500
attack_x_primary_moderator,-21.707428836244475,10.847650477278986,0.0453796729186215,-42.96843308859002,-0.4464245838989349,-21.068579953442782,20.437544989779003,-55.99086351573323,21.816464164932153,500
