term,estimate,std_error,p_value,conf_low,conf_high
Intercept,-16.467170073919164,23.3851582639587,0.4813257615621411,-62.30123804404743,29.366897896209103
baseline_score,1.0047341750957386,0.0555588464801896,4.2491532835208533e-73,0.8958408369719769,1.1136275132195004
attack_present,18.298532540265363,52.515197600732144,0.7275078065704287,-84.6293633981739,121.22642847870463
primary_moderator_z,1.9624503756408331,35.81465307694686,0.956302085029144,-68.23297977397165,72.1578805252533
attack_x_primary_moderator,48.178838834157936,68.19159518781349,0.4798637894598336,-85.47423178229135,181.83190945060724
