Moderator,Role,Multivariate b,Multivariate p,Univariate b,Univariate p,Ontology group,Normalized weight %
Big Five Openness To Experience Mean %,core,-2.1419257285882876,0.1217578204678519,-1.8335654157486871,0.0275546676331901,Big Five: Openness,0.7202418769864831
Big Five Neuroticism Mean %,core,1.6041879647043824,0.1900079947610534,1.0757768766135378,0.1620933899473454,Big Five: Neuroticism,0.7377547568024113
Sex Other,core,5.036837911817317,0.2389330955805643,1.7478071479868706,0.4251848047504133,Demographics: Sex,1.0227980898956153
Big Five Conscientiousness Mean %,core,1.2637256658025604,0.4271576694039743,0.4940491940866193,0.689025124221802,Big Five: Conscientiousness,1.087429106396284
Sex Female,core,3.042776585223643,0.4938315659308551,0.4544282940698167,0.8436238727354579,Demographics: Sex,0.9605127569697588
Big Five Extraversion Mean %,exploratory,0.6496832244444349,0.6731630310553947,-0.2478479769916228,0.8291586347527098,Big Five: Extraversion,0.7908952324552594
Big Five Agreeableness Mean %,exploratory,0.5426712602260263,0.7192374733856453,-0.3069941384451195,0.7859208164701589,Big Five: Agreeableness,0.7069456705938458
