term,estimate,std_error,p_value,conf_low_x,conf_high_x,bootstrap_mean,bootstrap_std,conf_low_y,conf_high_y,n_bootstrap_success
Intercept,20.654675248653405,30.25395037895904,0.4947900931271605,-38.641977884168234,79.95132838147504,21.11792736711944,31.50297730254538,-40.85519269853925,79.05486105643473,500
baseline_score,0.9456885911894676,0.0416332512088941,3.20334977932087e-114,0.8640889182607262,1.0272882641182088,0.9375532848349876,0.043029655681274,0.8436035965249578,1.0100519645898327,500
attack_present,10.727127317354828,21.31834833786467,0.6148324222487531,-31.05606763473925,52.510322269448906,11.465422482719884,22.313949889792426,-31.164236843411985,53.22780786509874,500
primary_moderator_z,-5.969540799295174,21.203798549398932,0.7783026413999736,-47.52822229155972,35.58914069296937,-6.472809116178486,21.854791323706912,-48.65860728883656,37.28210476375254,500
attack_x_primary_moderator,-19.972549347839035,16.052717052595796,0.2134314926578577,-51.43529662493876,11.490197929260692,-21.45559100051345,23.769393482628487,-62.402751603214575,28.800646195270343,500
opinion_domain_fe_immigration_and_citizenship,-10.440253980039245,43.16876026227818,0.8088983811845138,-95.04946935134834,74.16896139126985,-8.87688710054643,42.13467056938496,-91.61249129512912,74.81156793731296,500
