{
  "DoF": {
    "Value": 11
  },
  "DoF Baseline": {
    "Value": 19
  },
  "chi2": {
    "Value": 5.555609573124876
  },
  "chi2 p-value": {
    "Value": 0.9013114204030274
  },
  "chi2 Baseline": {
    "Value": 43.18147433534789
  },
  "CFI": {
    "Value": 1.2251471664371036
  },
  "GFI": {
    "Value": 0.8713427538397615
  },
  "AGFI": {
    "Value": 0.7777738475414061
  },
  "NFI": {
    "Value": 0.8713427538397615
  },
  "TLI": {
    "Value": 1.3888905602095427
  },
  "RMSEA": {
    "Value": 0
  },
  "AIC": {
    "Value": 14.444390426875124
  },
  "BIC": {
    "Value": 1.375862232474577
  },
  "LogLik": {
    "Value": 2.777804786562438
  }
}