term,estimate,std_error,p_value,conf_low,conf_high
Intercept,3.46324390202973,16.719144300831054,0.8358986391729046,-29.30567677992724,36.2321645839867
attack_present,-30.358585250920918,45.29691061242733,0.5027219207866513,-119.13889866220865,58.42172816036682
baseline_score,-0.014995651138323553,0.043644753109335334,0.7311589473839515,-0.10053779534676335,0.07054649307011623
moderator_z,-5.100510615357968,18.434127472351022,0.7820193222574718,-41.23073654758635,31.029715316870416
attack_x_moderator,15.205732816836274,50.725369309176045,0.7643557752922261,-84.21416413164218,114.62562976531473
