{
  "DoF": 11.0,
  "DoF Baseline": 19.0,
  "chi2": 22.88456731792186,
  "chi2 p-value": 0.018349407501529358,
  "chi2 Baseline": 71.25989495769917,
  "CFI": 0.7725872329528866,
  "GFI": 0.6788576894267604,
  "AGFI": 0.4452996453734952,
  "NFI": 0.6788576894267603,
  "TLI": 0.607196129645895,
  "RMSEA": 0.34647674456514865,
  "AIC": 15.423086536415628,
  "BIC": 18.44893746635609,
  "LogLik": 2.288456731792186
}