term,estimate,std_error,p_value,conf_low,conf_high
Intercept,7.516923274936271,6.570354583820126,0.25259601504393403,-5.360735075008831,20.394581624881376
attack_present,-5.7731222262989,8.907768859013292,0.5169204752089775,-23.2320283725724,11.685783919974602
baseline_score,-0.14776741460917195,0.0559866381103292,0.00830691946946137,-0.25749920892089484,-0.038035620297449085
primary_moderator_z,2.955670079869461,8.489264311946064,0.7277157961820158,-13.682982226786027,19.594322386524947
attack_x_primary_moderator,8.8491405974665,15.125601767702607,0.5585182188700204,-20.796494111725984,38.49477530665899
