{
  "DoF": 11.0,
  "DoF Baseline": 19.0,
  "chi2": 8.160080875124542,
  "chi2 p-value": 0.6988962952514786,
  "chi2 Baseline": 50.998948782388034,
  "CFI": 1.0887503881514546,
  "GFI": 0.8399951161749721,
  "AGFI": 0.7236279279385882,
  "NFI": 0.8399951161749721,
  "TLI": 1.1532961249888762,
  "RMSEA": 0.0,
  "AIC": 14.559946083250304,
  "BIC": 5.546068969931403,
  "LogLik": 2.7200269583748478
}