{
  "DoF": 38.0,
  "DoF Baseline": 53.0,
  "chi2": 134.45218368900092,
  "chi2 p-value": 1.0610401446342621e-12,
  "chi2 Baseline": 397.64897311052226,
  "CFI": 0.7201437079051718,
  "GFI": 0.6618822308598509,
  "AGFI": 0.528414690409792,
  "NFI": 0.6618822308598509,
  "TLI": 0.6096741189203712,
  "RMSEA": 0.23238885974310233,
  "AIC": 28.39782567962496,
  "BIC": 60.208242865059105,
  "LogLik": 2.801087160187519
}