term,estimate,std_error,p_value,conf_low_x,conf_high_x,bootstrap_mean,bootstrap_std,conf_low_y,conf_high_y,n_bootstrap_success
Intercept,7.516923274936271,6.570354583820126,0.252596015043934,-5.360735075008831,20.394581624881376,3.9995002414911687,4.0080804067000075,-2.093111155618771,8.588484464855462,100
attack_present,-5.7731222262989,8.907768859013292,0.5169204752089775,-23.2320283725724,11.685783919974602,-2.455983815760326,2.208403467040858,-5.7731222262988995,-0.0001002485500952,100
baseline_score,-0.1477674146091719,0.0559866381103292,0.0083069194694613,-0.2574992089208948,-0.038035620297449,-0.1477194157626228,0.0488040806457394,-0.2316161809720097,-0.0540969038474442,100
primary_moderator_z,2.955670079869461,8.489264311946064,0.7277157961820158,-13.682982226786027,19.594322386524947,0.6807265726855698,2.85431242426175,-2.5693881314413196,4.533815188265538,100
attack_x_primary_moderator,8.8491405974665,15.125601767702609,0.5585182188700204,-20.796494111725984,38.49477530665899,3.5434109001916596,3.670495726611101,-0.4402046696293208,8.849140597466507,100
