{
  "DoF": 36.0,
  "DoF Baseline": 74.0,
  "chi2": 0.051706217694302836,
  "chi2 p-value": 1.0,
  "chi2 Baseline": 131.64786016709726,
  "CFI": 1.0,
  "GFI": 0.9996072384493856,
  "AGFI": 0.9991926568126259,
  "NFI": 0.9996072384493855,
  "TLI": 1.0,
  "RMSEA": 0.0,
  "AIC": 83.99793175129223,
  "BIC": 164.30289797927435,
  "LogLik": 0.0010341243538860567
}