{
  "DoF": {
    "Value": 11
  },
  "DoF Baseline": {
    "Value": 19
  },
  "chi2": {
    "Value": 346.39457513451475
  },
  "chi2 p-value": {
    "Value": 0.0
  },
  "chi2 Baseline": {
    "Value": 389.101177460806
  },
  "CFI": {
    "Value": 0.09377598462238534
  },
  "GFI": {
    "Value": 0.10975706268735996
  },
  "AGFI": {
    "Value": -0.5376923462672873
  },
  "NFI": {
    "Value": 0.10975706268735996
  },
  "TLI": {
    "Value": -0.5652960265613346
  },
  "RMSEA": {
    "Value": 1.8406042462348404
  },
  "AIC": {
    "Value": -49.27891502690295
  },
  "BIC": {
    "Value": -46.25306409696249
  },
  "LogLik": {
    "Value": 34.639457513451475
  }
}