Moderator,Role,Multivariate b,Multivariate p,Univariate b,Univariate p,Ontology group,Normalized weight %
Big Five Neuroticism Mean %,core,2.1719360555522815,0.2442332091828204,2.013182460151998,0.2142267154974818,Personality: Neuroticism,1.3451058681989976
Sex Other,core,-5.097157763743187,0.2900059460539281,-7.2155808852766015,0.0639943568040277,Demographics: Sex,2.783202159468996
Big Five Conscientiousness Mean %,core,-2.004796025076259,0.3874667814840167,-1.9251951196801889,0.2798951884349281,Personality: Conscientiousness,1.2948938845014557
Sex Female,core,2.74225443230902,0.5118493280591392,5.635514621021646,0.1097749978350203,Demographics: Sex,6.893560086974236
Age Years,core,-0.397176920288544,0.8906197792020658,0.0818868509979535,0.9676977738911532,Demographics: Age,8.518465619010165
Big Five Openness To Experience Mean %,core,0.0865428855612372,0.9704958899480224,0.0728251420562265,0.971166678713219,Personality: Openness,0.5544511986428015
Big Five Extraversion Mean %,exploratory,-0.6483096921311302,0.7119937239670898,-0.3363363980121197,0.8458998166093797,Personality: Extraversion,2.000193917492514
Big Five Agreeableness Mean %,exploratory,-0.4351976535678432,0.8149096910628366,-0.3075860125529541,0.8517696231418385,Personality: Agreeableness,0.5686951190861207
