term,estimate,std_error,p_value,conf_low_x,conf_high_x,bootstrap_mean,bootstrap_std,conf_low_y,conf_high_y,n_bootstrap_success
Intercept,-18.270924920660537,12.21581369462733,0.1347375619875908,-42.21347980398127,5.671629962660209,-20.534198436150664,38.75137991382628,-55.41963564613598,-1.418216857608665,800
baseline_score,-0.1132317472799009,0.0955391208642316,0.2359434225798145,-0.3004849832884141,0.0740214887286123,-0.1409720596032047,0.0893463387671084,-0.3527358654815901,-0.0320365722851792,800
baseline_abs_score,0.089393837787321,0.0926839144602769,0.3347942146897015,-0.0922632965010128,0.2710509720756549,0.1174842048637162,0.0953280722540942,0.0191521571570859,0.3092100076712442,800
primary_moderator_z,-16.967522777038408,6.548556647230651,0.0095688468056704,-29.80245795633085,-4.132587597745964,-15.986357887518531,8.525995800499857,-29.77549013268386,-1.032596123504384,800
exposure_quality_z,-8.572268668175468,7.406405920469244,0.2471037660321126,-23.088557527179415,5.944020190828478,-6.451132452281513,12.03444971674364,-24.97377659299004,17.128673826702837,800
opinion_leaf_fe_issue_position_taxonomy___defense_and_national_security___conscription_support,-9.981470451410692,84.87838278652717,0.9063867275176348,-176.34004377900845,156.37710287618702,-35.73101887539923,78.33026245586343,-210.3095090457035,35.13972039533486,800
opinion_leaf_fe_issue_position_taxonomy___defense_and_national_security___defense_spending_increase_support,64.10317221622336,12.178969817573698,1.4139127580817e-07,40.23283000497855,87.97351442746816,65.9786849902005,25.211925955411154,44.604351410580456,98.4386797598882,800
opinion_leaf_fe_issue_position_taxonomy___defense_and_national_security___strategic_autonomy_support,80.17583538144069,16.438491841337534,1.075352336971178e-06,47.95698341226361,112.39468735061776,79.0385189094952,29.94308698841829,38.20563455826237,113.07593342062938,800
