susceptibility_group,n,baseline_mean,post_mean,delta_mean,delta_sd,exposure_quality_mean
Low susceptibility,7,335.7142857142857,364.85714285714283,29.142857142857142,39.62502816583046,0.7066666666666667
Mid susceptibility,6,192.83333333333334,216.33333333333334,23.5,46.7322158687131,0.7066666666666667
High susceptibility,7,2.2857142857142856,29.142857142857142,26.857142857142858,25.893554998805985,0.7080952380952381
