term,bootstrap_mean,bootstrap_std,conf_low,conf_high,n_bootstrap_success
Intercept,3.9995002414911687,4.0080804067000075,-2.093111155618771,8.588484464855462,100
attack_present,-2.4559838157603266,2.208403467040858,-5.7731222262988995,-0.00010024855009523806,100
baseline_score,-0.14771941576262282,0.04880408064573942,-0.23161618097200973,-0.05409690384744428,100
primary_moderator_z,0.6807265726855698,2.85431242426175,-2.5693881314413196,4.533815188265538,100
attack_x_primary_moderator,3.5434109001916596,3.670495726611101,-0.4402046696293208,8.849140597466507,100
