term,bootstrap_mean,bootstrap_std,conf_low,conf_high,n_bootstrap_success
Intercept,-6.217847700096703,6.749072406768837,-16.467170073937535,0.05628196627609704,100
baseline_score,0.9904071541224578,0.02852595983283204,0.9032735221164053,1.0254141017764675,100
attack_present,2.4434808681157647,10.208552966208075,-7.5375496604542676,18.298532540265295,100
primary_moderator_z,6.720687042493109,8.776475524052783,-0.9970190727243724,22.200054830050405,100
attack_x_primary_moderator,18.23477407584182,19.74176280009914,-0.16785833184873464,48.17883883415778,100
