{
  "DoF": 8.0,
  "DoF Baseline": 13.0,
  "chi2": 15.93333244393316,
  "chi2 p-value": 0.04334433038624419,
  "chi2 Baseline": 40.6554413953655,
  "CFI": 0.713136654356107,
  "GFI": 0.6080885633737216,
  "AGFI": 0.36314391548229763,
  "NFI": 0.6080885633737216,
  "TLI": 0.5338470633286738,
  "RMSEA": 0.7041542996714729,
  "AIC": 3.3777783707112263,
  "BIC": -2.9319356086120054,
  "LogLik": 5.311110814644387
}