term,estimate,std_error,p_value,conf_low,conf_high
Intercept,13.233226310066893,12.650200462750618,0.2955202806572298,-11.560710994136244,38.02716361427003
attack_present,11.557897805416578,18.618653928658027,0.5347511058352438,-24.933993335368335,48.049788946201495
baseline_score,-0.05557070210504156,0.037700264051647614,0.14047792824645255,-0.12946186185392097,0.018320457643837856
primary_moderator_z,-1.3376679797383837,7.024458921855018,0.848972161359213,-15.105354477455277,12.430018517978509
attack_x_primary_moderator,-21.707428836244475,10.847650477278986,0.04537967291862158,-42.96843308859002,-0.4464245838989349
