{
  "DoF": 11.0,
  "DoF Baseline": 19.0,
  "chi2": 700.8694839785447,
  "chi2 p-value": 0.0,
  "chi2 Baseline": 768.8143954039764,
  "CFI": 0.07994633310972277,
  "GFI": 0.08837622166235548,
  "AGFI": -0.5746228898559314,
  "NFI": 0.08837622166235551,
  "TLI": -0.5891836064468425,
  "RMSEA": 1.8168133993690734,
  "AIC": -50.08694839785447,
  "BIC": -40.12962566231457,
  "LogLik": 35.043474198927235
}