{
  "DoF": 12.0,
  "DoF Baseline": 19.0,
  "chi2": 52.29498434492554,
  "chi2 p-value": 5.496343232769263e-07,
  "chi2 Baseline": 132.3404279163284,
  "CFI": 0.6444782758834067,
  "GFI": 0.6048449807190529,
  "AGFI": 0.3743378861385005,
  "NFI": 0.6048449807190529,
  "TLI": 0.43709060348206047,
  "RMSEA": 0.4203955131512985,
  "AIC": 12.770501565507447,
  "BIC": 21.732092027493366,
  "LogLik": 2.6147492172462767
}