lhs,op,rhs,estimate,std_error,z_value,p_value
baseline_score,~,Susceptibility Index (z),-53.53170508299284,59.706206809581865,-0.8965852621272364,0.36994026517971834
baseline_score,~,opinion_domain_fe_immigration_and_citizenship,20.88585315058783,130.2896248398079,0.16030327185504592,0.8726421816394812
post_score,~,baseline_score,0.9444456828896767,0.2194433563850581,4.30382445130009,1.6787470072721078e-05
post_score,~,attack_present,2.3637948290074675,79.06179233187967,0.029898067818711682,0.9761483468193117
post_score,~,Susceptibility Index (z),-12.768538310566806,89.22791003457314,-0.14310027328466213,0.886210989114024
post_score,~,attack_present x Susceptibility Index (z),-12.3226465317658,84.64414876005873,-0.14558178813631567,0.8842515457586904
post_score,~,opinion_domain_fe_immigration_and_citizenship,2.6230018298128304,132.82584382155216,0.01974767676489781,0.984244657624632
baseline_score,~~,baseline_score,31791.255681585248,10053.277763057811,3.162277660168378,0.0015654022580025018
post_score,~~,post_score,30618.40419605207,9682.389557918126,3.1622776601683777,0.0015654022580025018
