term,estimate,std_error,p_value,conf_low,conf_high
Intercept,-18.270924920660534,12.21581369462733,0.13473756198759085,-42.21347980398127,5.671629962660209
baseline_score,-0.11323174727990093,0.09553912086423162,0.2359434225798145,-0.30048498328841416,0.0740214887286123
baseline_abs_score,0.08939383778732102,0.0926839144602769,0.3347942146897015,-0.09226329650101284,0.2710509720756549
primary_moderator_z,-16.967522777038408,6.548556647230651,0.009568846805670456,-29.80245795633085,-4.132587597745964
exposure_quality_z,-8.572268668175468,7.406405920469244,0.2471037660321126,-23.088557527179415,5.944020190828478
opinion_leaf_fe_issue_position_taxonomy___defense_and_national_security___conscription_support,-9.981470451410692,84.87838278652717,0.9063867275176349,-176.34004377900843,156.37710287618702
opinion_leaf_fe_issue_position_taxonomy___defense_and_national_security___defense_spending_increase_support,64.10317221622336,12.178969817573698,1.4139127580817e-07,40.23283000497855,87.97351442746816
opinion_leaf_fe_issue_position_taxonomy___defense_and_national_security___strategic_autonomy_support,80.17583538144069,16.438491841337534,1.0753523369711781e-06,47.95698341226361,112.39468735061777
