Condition,n,baseline_mean,post_mean,delta_mean,delta_sd,susceptibility_mean,realism_mean
Attack,24,167.75,210.66666666666666,42.916666666666664,32.25161494664518,0.5052833333333333,0.7916666666666666
Control,24,201.375,205.5,4.125,5.803391062653538,0.4602458333333333,0.0
