{
  "full_model_cv_r2": -0.0004999053424499563,
  "group_marginal_r2": {
    "marginal_demographics": 0.014335537640620791,
    "marginal_big_five": 0.015938203982509537,
    "marginal_big_five_agreeableness": 0.0010858474511602693,
    "marginal_big_five_conscientiousness": 0.011507253587955719,
    "marginal_big_five_extraversion": 0.0035423102466568676,
    "marginal_big_five_neuroticism": -0.0014917368504191759,
    "marginal_big_five_openness": -0.0018809421055684566
  },
  "group_relative_importance_pct": {
    "marginal_demographics": 28.79672584071999,
    "marginal_big_five": 32.01610584714166,
    "marginal_big_five_agreeableness": 2.181212322815455,
    "marginal_big_five_conscientiousness": 23.11536791009761,
    "marginal_big_five_extraversion": 7.115668736881338,
    "marginal_big_five_neuroticism": 2.9965487298012423,
    "marginal_big_five_openness": 3.778370612542709
  },
  "task_group_r2": {
    "ATTACK_VECTORS > Coordinated_Amplification > Astroturf_Comment_Wave || Issue_Position_Taxonomy > Defense_and_National_Security > Alliance_Commitment_Support": {
      "full_model": -0.03534635728264268,
      "marginal_demographics": 0.002888473187727003,
      "marginal_big_five": 0.003948652769108385,
      "marginal_big_five_agreeableness": -0.0001981141190541269,
      "marginal_big_five_conscientiousness": 0.005465196612925327,
      "marginal_big_five_extraversion": 0.00763483869023851,
      "marginal_big_five_neuroticism": -0.010473843056591381,
      "marginal_big_five_openness": -0.002967885846546503
    },
    "ATTACK_VECTORS > Coordinated_Amplification > Astroturf_Comment_Wave || Issue_Position_Taxonomy > Defense_and_National_Security > Civil_Defense_Preparedness_Support": {
      "full_model": -0.020068156382315072,
      "marginal_demographics": -0.0012206727349870494,
      "marginal_big_five": -0.0008521467622666368,
      "marginal_big_five_agreeableness": -0.0012469168817974552,
      "marginal_big_five_conscientiousness": 0.0025869270844827152,
      "marginal_big_five_extraversion": -0.0034866733001275296,
      "marginal_big_five_neuroticism": 0.0032511145290994303,
      "marginal_big_five_openness": -0.005453638054493837
    },
    "ATTACK_VECTORS > Coordinated_Amplification > Astroturf_Comment_Wave || Issue_Position_Taxonomy > Defense_and_National_Security > Domestic_Security_Powers_Expansion_Support": {
      "full_model": 0.07553907840214524,
      "marginal_demographics": 0.09267854669025888,
      "marginal_big_five": 0.03588041443916212,
      "marginal_big_five_agreeableness": -0.005177299090536103,
      "marginal_big_five_conscientiousness": 0.04795922879820114,
      "marginal_big_five_extraversion": 0.01603257453342133,
      "marginal_big_five_neuroticism": -0.005352076167502773,
      "marginal_big_five_openness": 0.020901928782515178
    },
    "ATTACK_VECTORS > Coordinated_Amplification > Astroturf_Comment_Wave || Issue_Position_Taxonomy > Defense_and_National_Security > Strategic_Autonomy_Support": {
      "full_model": -0.03198350542184336,
      "marginal_demographics": 0.0030938583180131207,
      "marginal_big_five": -0.02366869404740468,
      "marginal_big_five_agreeableness": -0.005295128635973478,
      "marginal_big_five_conscientiousness": 0.001215604152028149,
      "marginal_big_five_extraversion": -0.0016453328583894145,
      "marginal_big_five_neuroticism": -0.0074617535640386645,
      "marginal_big_five_openness": -0.007200476336959083
    },
    "ATTACK_VECTORS > Manipulative_Persuasion > Fear_Appeal_Scapegoating_Post || Issue_Position_Taxonomy > Defense_and_National_Security > Alliance_Commitment_Support": {
      "full_model": 0.011387215851962229,
      "marginal_demographics": 0.0008098298183012442,
      "marginal_big_five": 0.015535771673295451,
      "marginal_big_five_agreeableness": 0.006630103955476474,
      "marginal_big_five_conscientiousness": 0.007750910262420252,
      "marginal_big_five_extraversion": -0.008258078925272083,
      "marginal_big_five_neuroticism": -0.001703697823045025,
      "marginal_big_five_openness": 0.00667644936231504
    },
    "ATTACK_VECTORS > Manipulative_Persuasion > Fear_Appeal_Scapegoating_Post || Issue_Position_Taxonomy > Defense_and_National_Security > Civil_Defense_Preparedness_Support": {
      "full_model": -0.031142195210711154,
      "marginal_demographics": 0.002636261156501618,
      "marginal_big_five": -0.00043259073247226,
      "marginal_big_five_agreeableness": 0.0017237977567325924,
      "marginal_big_five_conscientiousness": 0.004343905048213914,
      "marginal_big_five_extraversion": 0.005210649056901717,
      "marginal_big_five_neuroticism": -0.005336563401425298,
      "marginal_big_five_openness": -0.010606781169374635
    },
    "ATTACK_VECTORS > Manipulative_Persuasion > Fear_Appeal_Scapegoating_Post || Issue_Position_Taxonomy > Defense_and_National_Security > Domestic_Security_Powers_Expansion_Support": {
      "full_model": 0.04168929884653305,
      "marginal_demographics": -0.003396879410652587,
      "marginal_big_five": 0.09949599123246966,
      "marginal_big_five_agreeableness": 0.012272368338737683,
      "marginal_big_five_conscientiousness": 0.0047637794769799235,
      "marginal_big_five_extraversion": 0.013636766423995916,
      "marginal_big_five_neuroticism": 0.019796702029180935,
      "marginal_big_five_openness": 0.004724334715480283
    },
    "ATTACK_VECTORS > Manipulative_Persuasion > Fear_Appeal_Scapegoating_Post || Issue_Position_Taxonomy > Defense_and_National_Security > Strategic_Autonomy_Support": {
      "full_model": -0.03984440320847926,
      "marginal_demographics": 0.0013349602852172904,
      "marginal_big_five": -0.02939101215797968,
      "marginal_big_five_agreeableness": -2.293005584963481e-05,
      "marginal_big_five_conscientiousness": -0.005074129221016133,
      "marginal_big_five_extraversion": -0.005812079662683711,
      "marginal_big_five_neuroticism": -0.0013223177077035242,
      "marginal_big_five_openness": -0.01590360001621649
    },
    "ATTACK_VECTORS > Manipulative_Persuasion > Pseudo_Expert_Authority_Cue || Issue_Position_Taxonomy > Defense_and_National_Security > Alliance_Commitment_Support": {
      "full_model": 0.005551970578284826,
      "marginal_demographics": 0.006750774934769832,
      "marginal_big_five": 0.016437323906716927,
      "marginal_big_five_agreeableness": -0.002235684968330154,
      "marginal_big_five_conscientiousness": 0.030075446718989096,
      "marginal_big_five_extraversion": 0.005182636107047944,
      "marginal_big_five_neuroticism": -0.017049415300965598,
      "marginal_big_five_openness": -0.012954759213748668
    },
    "ATTACK_VECTORS > Manipulative_Persuasion > Pseudo_Expert_Authority_Cue || Issue_Position_Taxonomy > Defense_and_National_Security > Civil_Defense_Preparedness_Support": {
      "full_model": -0.008263801102805779,
      "marginal_demographics": 0.0018342688848025368,
      "marginal_big_five": 0.012736050076240124,
      "marginal_big_five_agreeableness": 0.006670330318944151,
      "marginal_big_five_conscientiousness": 0.01876724798453444,
      "marginal_big_five_extraversion": -0.004618800609020202,
      "marginal_big_five_neuroticism": 0.0028733713707462805,
      "marginal_big_five_openness": -0.017577351268586394
    },
    "ATTACK_VECTORS > Manipulative_Persuasion > Pseudo_Expert_Authority_Cue || Issue_Position_Taxonomy > Defense_and_National_Security > Domestic_Security_Powers_Expansion_Support": {
      "full_model": 0.005490258261992564,
      "marginal_demographics": -0.000284389286557607,
      "marginal_big_five": 0.014093915645669308,
      "marginal_big_five_agreeableness": 0.007363870077065182,
      "marginal_big_five_conscientiousness": -0.0006220508514859224,
      "marginal_big_five_extraversion": 0.0034178938792719382,
      "marginal_big_five_neuroticism": -0.001728065681229185,
      "marginal_big_five_openness": 0.0002489290885767659
    },