{
  "DoF": 28.0,
  "DoF Baseline": 62.0,
  "chi2": 0.14369670347917918,
  "chi2 p-value": 1.0,
  "chi2 Baseline": 182.66102971395597,
  "CFI": 1.0,
  "GFI": 0.9992133149380347,
  "AGFI": 0.9982580545056482,
  "NFI": 0.9992133149380347,
  "TLI": 1.0,
  "RMSEA": 0.0,
  "AIC": 75.99712606593042,
  "BIC": 174.9935931334779,
  "LogLik": 0.0014369670347917918
}